CompID,COMP_CODE,COMP_NAME,COMP_ADDR1,COMP_ADDR2,COMP_CITY,COMP_STATE,COMP_PIN,COMP_CLASS,COMP_PANNO,COMP_TANNO,COMP_TDSCIRCLE,SIGN_FNAME,SIGN_LNAME,SIGN_ADDR1,SIGN_ADDR2,SIGN_CITY,SIGN_DSG,SIGN_STATE,SIGN_PIN,SIGN_PLACE,SIGN_DATE,RETIRE_AGE,EMP_CODE_GEN,EMP_CODE_PREFIX,EMP_CODE_LEN,COMP_URL,Status,Response,Message
"0","CC002","Upload Comp","DDDD","AAAA","DDDD","Delhi","110016","ADDD","AAAA","DDDD","DDDD","BBBB","DDD","DDD","DFFF","Delhi","KKKK","Delhi","110016","Delhi","18/11/2018","70","1","ADDD","20","D.com","1","Failed","Invalid Data Format"
"0","CC002","Upload Comp1","DDDD","AAAA","DDDD","Delhi","110016","ADDD","AAAA","DDDD","DDDD","BBBB","DDD","DDD","DFFF","Delhi","KKKK","Delhi","110016","Delhi","18/11/2018","70","1","ADDD","20","D.com","1","Success","Company created. Your transaction'-id is 3"
"0","CC002","Upload Comp2","DDDD","AAAA","DDDD","Delhi","110016","ADDD","AAAA","DDDD","DDDD","BBBB","DDD","DDD","DFFF","Delhi","KKKK","Delhi","110016","Delhi","18/11/2018","70","1","ADDD","20","D.com","1","Success","Company created. Your transaction'-id is 4"
"0","CC002","Upload Comp3","DDDD","AAAA","DDDD","Delhi","110016","ADDD","AAAA","DDDD","DDDD","BBBB","DDD","DDD","DFFF","Delhi","KKKK","Delhi","110016","Delhi","18/11/2018","70","1","ADDD","20","D.com","1","Success","Company created. Your transaction'-id is 5"
"0","CC002","Upload Comp4","DDDD","AAAA","DDDD","Delhi","110016","ADDD","AAAA","DDDD","DDDD","BBBB","DDD","DDD","DFFF","Delhi","KKKK","Delhi","110016","Delhi","18/11/2018","70","1","ADDD","20","D.com","1","Success","Company created. Your transaction'-id is 6"
"0","CC002","Upload Comp5","DDDD","AAAA","DDDD","Delhi","110016","ADDD","AAAA","DDDD","DDDD","BBBB","DDD","DDD","DFFF","Delhi","KKKK","Delhi","110016","Delhi","18/11/2018","70","1","ADDD","20","D.com","1","Success","Company created. Your transaction'-id is 7"
"0","CC002","Upload Comp6","DDDD","AAAA","DDDD","Delhi","110016","ADDD","AAAA","DDDD","DDDD","BBBB","DDD","DDD","DFFF","Delhi","KKKK","Delhi","110016","Delhi","18/11/2018","70","1","ADDD","20","D.com","1","Success","Company created. Your transaction'-id is 8"
"0","CC002","Upload Comp7","DDDD","AAAA","DDDD","Delhi","110016","ADDD","AAAA","DDDD","DDDD","BBBB","DDD","DDD","DFFF","Delhi","KKKK","Delhi","110016","Delhi","18/11/2018","70","1","ADDD","20","D.com","1","Success","Company created. Your transaction'-id is 9"
"0","CC002","Upload Comp8","DDDD","AAAA","DDDD","Delhi","110016","ADDD","AAAA","DDDD","DDDD","BBBB","DDD","DDD","DFFF","Delhi","KKKK","Delhi","110016","Delhi","18/11/2018","70","1","ADDD","20","D.com","1","Success","Company created. Your transaction'-id is 10"
